ACNN,03/16/2020 21:08,-38.512209,176.331926,297.958
ACNN,03/16/2020 21:12,-38.512209,176.331926,297.958
ACNN,03/16/2020 21:13,-38.512209,176.331926,297.958
WP93,03/16/2020 22:29,-38.265116,176.564573,467.265
WP93,03/16/2020 22:30,-38.265116,176.564573,467.265
WP146,03/16/2020 22:44,-38.268071,176.572404,446.828
WP146,03/16/2020 22:45,-38.268071,176.572404,446.828
WP140,03/16/2020 22:56,-38.269557,176.577605,434.051
WP140,03/16/2020 22:59,-38.269557,176.577605,434.051
WP140,03/16/2020 23:00,-38.269557,176.577605,434.051
WP143,03/16/2020 23:24,-38.275345,176.584047,479.006
WP143,03/16/2020 23:25,-38.275345,176.584047,479.006
WP143,03/16/2020 23:26,-38.275345,176.584047,479.006
WP144,03/16/2020 23:55,-38.274621,176.568323,448.606
WP144,03/16/2020 23:57,-38.274621,176.568323,448.606
WP144,03/16/2020 23:58,-38.274621,176.568323,448.606
WP93,03/17/2020 00:13,-38.265116,176.564573,467.265
WP93,03/17/2020 00:14,-38.265116,176.564573,467.265
WP98,03/17/2020 00:28,-38.256793,176.571165,457.455
WP139,03/17/2020 01:04,-38.262333,176.556635,494.174
WP139,03/17/2020 01:06,-38.262333,176.556635,494.174
WP139,03/17/2020 01:07,-38.262333,176.556635,494.174
WP138,03/17/2020 01:15,-38.255525,176.560111,495.930
WP138,03/17/2020 01:18,-38.255525,176.560111,495.930
WP138,03/17/2020 01:19,-38.255525,176.560111,495.930
WP96,03/17/2020 02:16,-38.262988,176.543263,514.214
WP96,03/17/2020 02:17,-38.262988,176.543263,514.214
WP93,03/17/2020 02:36,-38.265116,176.564573,467.265
WP93,03/17/2020 02:37,-38.265116,176.564573,467.265
ACNN,03/17/2020 03:39,-38.512209,176.331926,297.958
ACNN,03/17/2020 03:41,-38.512209,176.331926,297.958
ACNN,03/17/2020 03:42,-38.512209,176.331926,297.958
ACNN,03/17/2020 20:44,-38.512209,176.331926,297.958
ACNN,03/17/2020 20:46,-38.512209,176.331926,297.958
ACNN,03/17/2020 20:47,-38.512209,176.331926,297.958
WP93,03/17/2020 21:40,-38.265116,176.564573,467.265
WP93,03/17/2020 21:42,-38.265116,176.564573,467.265
WP93,03/17/2020 21:43,-38.265116,176.564573,467.265
WP148,03/17/2020 22:01,-38.290511,176.575760,471.560
WP148,03/17/2020 22:06,-38.290511,176.575760,471.560
WP148,03/17/2020 22:07,-38.290511,176.575760,471.560
WP141,03/17/2020 22:28,-38.281541,176.576093,453.541
WP141,03/17/2020 22:29,-38.281541,176.576093,453.541
WP141,03/17/2020 22:30,-38.281541,176.576093,453.541
WP142,03/17/2020 22:52,-38.281560,176.566694,474.395
WP142,03/17/2020 22:53,-38.281560,176.566694,474.395
WP142,03/17/2020 22:54,-38.281560,176.566694,474.395
WP147,03/17/2020 23:14,-38.293007,176.555309,449.272
WP147,03/17/2020 23:17,-38.293007,176.555309,449.272
WP139,03/17/2020 23:39,-38.262333,176.556635,494.174
WP139,03/17/2020 23:40,-38.262333,176.556635,494.174
WP93,03/17/2020 23:52,-38.265116,176.564573,467.265
WP93,03/17/2020 23:54,-38.265116,176.564573,467.265
WP93,03/17/2020 23:55,-38.265116,176.564573,467.265
WP99,03/18/2020 00:17,-38.269413,176.550480,475.842
WP99,03/18/2020 00:20,-38.269413,176.550480,475.842
WP136,03/18/2020 00:39,-38.274086,176.545530,473.901
WP136,03/18/2020 00:44,-38.274086,176.545530,473.901
WP95,03/18/2020 00:58,-38.272596,176.535114,486.335
WP95,03/18/2020 01:03,-38.272596,176.535114,486.335
WP95,03/18/2020 01:04,-38.272596,176.535114,486.335
WP145,03/18/2020 01:43,-38.281429,176.543511,458.052
WP145,03/18/2020 01:45,-38.281429,176.543511,458.052
WP145,03/18/2020 01:46,-38.281429,176.543511,458.052
WP93,03/18/2020 02:03,-38.265116,176.564573,467.265
WP93,03/18/2020 02:07,-38.265116,176.564573,467.265
WP93,03/18/2020 02:08,-38.265116,176.564573,467.265
WP149,03/18/2020 02:26,-38.307750,176.558839,445.231
WP149,03/18/2020 02:29,-38.307750,176.558839,445.231
WP149,03/18/2020 02:30,-38.307750,176.558839,445.231
ACNN,03/18/2020 03:10,-38.512209,176.331926,297.958
ACNN,03/18/2020 03:15,-38.512209,176.331926,297.958
AGUP,06/10/2020 23:48,-38.054648,176.441513,284.462
AGUP,06/10/2020 23:50,-38.054648,176.441513,284.462
OG32,06/11/2020 00:56,-38.122774,176.475586,820.424
OG32,06/11/2020 00:57,-38.122774,176.475586,820.424
OG36,06/11/2020 01:55,-38.138471,176.467108,926.489
OG36,06/11/2020 01:57,-38.138471,176.467108,926.489
OG37,06/11/2020 02:23,-38.138224,176.459507,854.027
OG37,06/11/2020 02:24,-38.138224,176.459507,854.027
OG38,06/11/2020 02:44,-38.134208,176.461352,851.227
OG38,06/11/2020 02:45,-38.134208,176.461352,851.227
OG34,06/11/2020 03:12,-38.131201,176.474881,800.569
OG34,06/11/2020 03:13,-38.131201,176.474881,800.569
OG34,06/11/2020 03:14,-38.131201,176.474881,800.569
OG33,06/11/2020 03:32,-38.128162,176.479851,837.787
OG33,06/11/2020 03:33,-38.128162,176.479851,837.787
OG32,06/11/2020 03:43,-38.122774,176.475586,820.424
OG32,06/11/2020 03:44,-38.122774,176.475586,820.424
AGUP,06/11/2020 04:35,-38.054648,176.441513,284.462
AGUP,06/11/2020 04:36,-38.054648,176.441513,284.462
AGUP,06/11/2020 23:06,-38.054648,176.441513,284.462
AGUP,06/11/2020 23:08,-38.054648,176.441513,284.462
AGUP,06/11/2020 23:10,-38.054648,176.441513,284.462
OG29,06/12/2020 00:36,-38.090789,176.456845,591.652
OG29,06/12/2020 00:37,-38.090789,176.456845,591.652
OG29,06/12/2020 00:38,-38.090789,176.456845,591.652
OG16,06/12/2020 00:51,-38.096062,176.456555,620.377
OG16,06/12/2020 00:53,-38.096062,176.456555,620.377
OG16,06/12/2020 00:54,-38.096062,176.456555,620.377
OG09,06/12/2020 01:05,-38.094752,176.447202,646.313
OG09,06/12/2020 01:06,-38.094752,176.447202,646.313
OG07,06/12/2020 01:21,-38.086364,176.446698,592.772
OG05,06/12/2020 01:34,-38.083088,176.456330,545.289
OG05,06/12/2020 01:35,-38.083088,176.456330,545.289
OG05,06/12/2020 01:36,-38.083088,176.456330,545.289
OG29,06/12/2020 01:52,-38.090789,176.456845,591.652
OG29,06/12/2020 01:53,-38.090789,176.456845,591.652
OG32,06/12/2020 02:32,-38.122774,176.475586,820.424
OG32,06/12/2020 02:33,-38.122774,176.475586,820.424
OG31,06/12/2020 02:45,-38.117953,176.479049,756.718
OG31,06/12/2020 02:46,-38.117953,176.479049,756.718
OG20,06/12/2020 03:03,-38.115873,176.472735,673.949
OG20,06/12/2020 03:04,-38.115873,176.472735,673.949
OG20,06/12/2020 03:05,-38.115873,176.472735,673.949
OG28,06/12/2020 03:20,-38.105198,176.474171,662.676
OG28,06/12/2020 03:21,-38.105198,176.474171,662.676
OG27,06/12/2020 03:34,-38.099356,176.468858,628.158
OG27,06/12/2020 03:35,-38.099356,176.468858,628.158
OG27,06/12/2020 03:36,-38.099356,176.468858,628.158
OG05,06/12/2020 03:54,-38.083088,176.456330,545.289
OG05,06/12/2020 03:55,-38.083088,176.456330,545.289
OG05,06/12/2020 03:56,-38.083088,176.456330,545.289
AGUP,06/12/2020 04:16,-38.054648,176.441513,284.462
AGUP,06/12/2020 04:18,-38.054648,176.441513,284.462
AGUP,06/12/2020 04:19,-38.054648,176.441513,284.462
AGUP,06/15/2020 20:18,-38.054648,176.441513,284.462
AGUP,06/15/2020 20:20,-38.054648,176.441513,284.462
AGUP,06/15/2020 20:21,-38.054648,176.441513,284.462
AGUP,06/15/2020 20:22,-38.054648,176.441513,284.462
OK100,06/15/2020 21:02,-38.085725,176.461508,571.934
OK100,06/15/2020 21:03,-38.085725,176.461508,571.934
OK100,06/15/2020 21:04,-38.085725,176.461508,571.934
OK100,06/15/2020 21:05,-38.085725,176.461508,571.934
OK101,06/15/2020 21:29,-38.095606,176.464133,611.804
OK101,06/15/2020 21:30,-38.095606,176.464133,611.804
OK101,06/15/2020 21:31,-38.095606,176.464133,611.804
OK101,06/15/2020 21:32,-38.095606,176.464133,611.804
OK103,06/15/2020 22:13,-38.126974,176.457878,817.623
OK103,06/15/2020 22:14,-38.126974,176.457878,817.623
OK103,06/15/2020 22:16,-38.126974,176.457878,817.623
OK103,06/15/2020 22:17,-38.126974,176.457878,817.623
OK102,06/15/2020 22:55,-38.116363,176.464753,653.245
OK102,06/15/2020 22:56,-38.116363,176.464753,653.245
OK102,06/15/2020 22:57,-38.116363,176.464753,653.245
OK104,06/15/2020 23:08,-38.116836,176.459708,653.269
OK104,06/15/2020 23:09,-38.116836,176.459708,653.269
OK104,06/15/2020 23:10,-38.116836,176.459708,653.269
OK105,06/15/2020 23:22,-38.113316,176.450891,624.164
OK105,06/15/2020 23:23,-38.113316,176.450891,624.164
OK105,06/15/2020 23:24,-38.113316,176.450891,624.164
OK105,06/15/2020 23:25,-38.113316,176.450891,624.164
OK106,06/15/2020 23:45,-38.109690,176.447081,595.380
OK106,06/15/2020 23:46,-38.109690,176.447081,595.380
OK106,06/15/2020 23:47,-38.109690,176.447081,595.380
OK107,06/15/2020 23:59,-38.105259,176.443636,569.412
OK107,06/16/2020 00:00,-38.105259,176.443636,569.412
OK107,06/16/2020 00:01,-38.105259,176.443636,569.412
OK101,06/16/2020 00:19,-38.095606,176.464133,611.804
OK101,06/16/2020 00:20,-38.095606,176.464133,611.804
OK101,06/16/2020 00:21,-38.095606,176.464133,611.804
OK108,06/16/2020 00:35,-38.089592,176.462151,570.424
OK108,06/16/2020 00:36,-38.089592,176.462151,570.424
OK108,06/16/2020 00:37,-38.089592,176.462151,570.424
OK100,06/16/2020 00:47,-38.085725,176.461508,571.934
OK100,06/16/2020 00:48,-38.085725,176.461508,571.934
OK100,06/16/2020 00:49,-38.085725,176.461508,571.934
OK109,06/16/2020 01:01,-38.090300,176.473812,574.586
OK109,06/16/2020 01:02,-38.090300,176.473812,574.586
OK109,06/16/2020 01:03,-38.090300,176.473812,574.586
OK110,06/16/2020 01:27,-38.089956,176.509779,724.067
OK110,06/16/2020 01:28,-38.089956,176.509779,724.067
OK110,06/16/2020 01:29,-38.089956,176.509779,724.067
OK111,06/16/2020 01:44,-38.092895,176.507268,766.928
OK111,06/16/2020 01:45,-38.092895,176.507268,766.928
OK111,06/16/2020 01:46,-38.092895,176.507268,766.928
OK112,06/16/2020 01:57,-38.098088,176.503781,745.889
OK112,06/16/2020 01:58,-38.098088,176.503781,745.889
OK112,06/16/2020 01:59,-38.098088,176.503781,745.889
OK113,06/16/2020 02:10,-38.101380,176.501816,699.390
OK113,06/16/2020 02:11,-38.101380,176.501816,699.390
OK113,06/16/2020 02:12,-38.101380,176.501816,699.390
OK110,06/16/2020 02:33,-38.089956,176.509779,724.067
OK110,06/16/2020 02:34,-38.089956,176.509779,724.067
OK110,06/16/2020 02:35,-38.089956,176.509779,724.067
OK110,06/16/2020 02:36,-38.089956,176.509779,724.067
OK114,06/16/2020 02:49,-38.095670,176.514649,676.003
OK114,06/16/2020 02:51,-38.095670,176.514649,676.003
OK114,06/16/2020 02:52,-38.095670,176.514649,676.003
OK100,06/16/2020 03:17,-38.085725,176.461508,571.934
OK100,06/16/2020 03:18,-38.085725,176.461508,571.934
OK100,06/16/2020 03:19,-38.085725,176.461508,571.934
OK115,06/16/2020 03:48,-38.072775,176.445752,531.606
OK115,06/16/2020 03:49,-38.072775,176.445752,531.606
OK115,06/16/2020 03:50,-38.072775,176.445752,531.606
AGUP,06/16/2020 04:13,-38.054648,176.441513,284.462
AGUP,06/16/2020 04:14,-38.054648,176.441513,284.462
AGUP,06/16/2020 04:15,-38.054648,176.441513,284.462
AGUP,06/16/2020 04:16,-38.054648,176.441513,284.462
AGUP,06/16/2020 20:24,-38.054648,176.441513,284.462
AGUP,06/16/2020 20:25,-38.054648,176.441513,284.462
AGUP,06/16/2020 20:26,-38.054648,176.441513,284.462
AGUP,06/16/2020 20:27,-38.054648,176.441513,284.462
AGUP,06/16/2020 20:28,-38.054648,176.441513,284.462
OK116,06/16/2020 20:47,-38.058756,176.439179,358.501
OK116,06/16/2020 20:48,-38.058756,176.439179,358.501
OK116,06/16/2020 20:49,-38.058756,176.439179,358.501
OK117,06/16/2020 21:03,-38.068929,176.437052,483.316
OK117,06/16/2020 21:04,-38.068929,176.437052,483.316
OK117,06/16/2020 21:05,-38.068929,176.437052,483.316
OK118,06/16/2020 21:16,-38.073657,176.441712,522.573
OK118,06/16/2020 21:17,-38.073657,176.441712,522.573
OK118,06/16/2020 21:18,-38.073657,176.441712,522.573
OK115,06/16/2020 21:24,-38.072775,176.445752,531.606
OK115,06/16/2020 21:26,-38.072775,176.445752,531.606
OK115,06/16/2020 21:27,-38.072775,176.445752,531.606
OK120,06/16/2020 21:58,-38.082193,176.443110,557.141
OK120,06/16/2020 21:59,-38.082193,176.443110,557.141
OK120,06/16/2020 22:00,-38.082193,176.443110,557.141
OK121,06/16/2020 22:22,-38.081916,176.450346,560.335
OK121,06/16/2020 22:23,-38.081916,176.450346,560.335
OK121,06/16/2020 22:24,-38.081916,176.450346,560.335
OK121,06/16/2020 22:25,-38.081916,176.450346,560.335
OK100,06/16/2020 22:59,-38.085725,176.461508,571.934
OK100,06/16/2020 23:00,-38.085725,176.461508,571.934
OK100,06/16/2020 23:01,-38.085725,176.461508,571.934
OK122,06/16/2020 23:31,-38.145088,176.547568,138.257
OK122,06/16/2020 23:32,-38.145088,176.547568,138.257
OK122,06/16/2020 23:33,-38.145088,176.547568,138.257
OK123,06/16/2020 23:48,-38.147439,176.529044,151.811
OK123,06/16/2020 23:49,-38.147439,176.529044,151.811
OK123,06/16/2020 23:50,-38.147439,176.529044,151.811
OK124,06/16/2020 23:58,-38.152082,176.523221,165.996
OK124,06/16/2020 23:59,-38.152082,176.523221,165.996
OK124,06/17/2020 00:00,-38.152082,176.523221,165.996
OK125,06/17/2020 00:32,-38.161871,176.556924,269.597
OK125,06/17/2020 00:33,-38.161871,176.556924,269.597
OK125,06/17/2020 00:34,-38.161871,176.556924,269.597
OK126,06/17/2020 00:48,-38.159109,176.567787,275.636
OK126,06/17/2020 00:49,-38.159109,176.567787,275.636
OK126,06/17/2020 00:50,-38.159109,176.567787,275.636
OK127,06/17/2020 01:11,-38.164775,176.539095,328.887
OK127,06/17/2020 01:12,-38.164775,176.539095,328.887
OK127,06/17/2020 01:13,-38.164775,176.539095,328.887
OK128,06/17/2020 01:28,-38.171419,176.550971,321.940
OK128,06/17/2020 01:29,-38.171419,176.550971,321.940
OK128,06/17/2020 01:30,-38.171419,176.550971,321.940
OK129,06/17/2020 01:43,-38.178758,176.546944,324.494
OK129,06/17/2020 01:44,-38.178758,176.546944,324.494
OK129,06/17/2020 01:45,-38.178758,176.546944,324.494
OK130,06/17/2020 01:56,-38.188041,176.536996,315.136
OK130,06/17/2020 01:58,-38.188041,176.536996,315.136
OK130,06/17/2020 01:59,-38.188041,176.536996,315.136
OK131,06/17/2020 02:14,-38.174561,176.533057,325.182
OK131,06/17/2020 02:15,-38.174561,176.533057,325.182
OK131,06/17/2020 02:16,-38.174561,176.533057,325.182
OK100,06/17/2020 02:50,-38.085725,176.461508,571.934
OK100,06/17/2020 02:51,-38.085725,176.461508,571.934
OK100,06/17/2020 02:52,-38.085725,176.461508,571.934
OK100,06/17/2020 02:53,-38.085725,176.461508,571.934
OK116,06/17/2020 03:16,-38.058756,176.439179,358.501
OK116,06/17/2020 03:17,-38.058756,176.439179,358.501
OK116,06/17/2020 03:18,-38.058756,176.439179,358.501
AGUP,06/17/2020 03:27,-38.054648,176.441513,284.462
AGUP,06/17/2020 03:28,-38.054648,176.441513,284.462
AGUP,06/17/2020 03:29,-38.054648,176.441513,284.462
AGUP,06/17/2020 03:30,-38.054648,176.441513,284.462
AGUP,06/23/2020 23:09,-38.054648,176.441513,284.462
AGUP,06/23/2020 23:10,-38.054648,176.441513,284.462
OK133,06/24/2020 00:19,-38.181733,176.529888,358.585
OK133,06/24/2020 00:20,-38.181733,176.529888,358.585
OK134,06/24/2020 00:40,-38.187150,176.516708,383.824
OK134,06/24/2020 00:41,-38.187150,176.516708,383.824
OK134,06/24/2020 00:42,-38.187150,176.516708,383.824
OK135,06/24/2020 00:58,-38.193711,176.518258,417.043
OK135,06/24/2020 00:59,-38.193711,176.518258,417.043
OK136,06/24/2020 01:13,-38.190659,176.512660,394.510
OK136,06/24/2020 01:14,-38.190659,176.512660,394.510
OK133,06/24/2020 01:40,-38.181733,176.529888,358.585
OK133,06/24/2020 01:41,-38.181733,176.529888,358.585
OK137,06/24/2020 02:04,-38.201600,176.556378,400.296
OK137,06/24/2020 02:05,-38.201600,176.556378,400.296
OK138,06/24/2020 02:31,-38.215092,176.559455,536.408
OK138,06/24/2020 02:32,-38.215092,176.559455,536.408
OK139,06/24/2020 02:48,-38.219739,176.556725,517.360
OK139,06/24/2020 02:49,-38.219739,176.556725,517.360
OK140,06/24/2020 03:05,-38.211466,176.553502,444.138
OK140,06/24/2020 03:06,-38.211466,176.553502,444.138
OK141,06/24/2020 03:16,-38.206190,176.559453,402.706
OK141,06/24/2020 03:17,-38.206190,176.559453,402.706
OK137,06/24/2020 03:26,-38.201600,176.556378,400.296
OK137,06/24/2020 03:27,-38.201600,176.556378,400.296
AGUP,06/24/2020 04:55,-38.054648,176.441513,284.462
AGUP,06/24/2020 04:56,-38.054648,176.441513,284.462
AGUP,07/01/2020 20:28,-38.054648,176.441513,284.462
AGUP,07/01/2020 20:29,-38.054648,176.441513,284.462
AGUP,07/01/2020 20:30,-38.054648,176.441513,284.462
AGUP,07/01/2020 20:31,-38.054648,176.441513,284.462
OK138A,07/01/2020 21:45,-38.195393,176.603737,193.810
OK138A,07/01/2020 21:46,-38.195393,176.603737,193.810
OK138A,07/01/2020 21:47,-38.195393,176.603737,193.810
OK139A,07/01/2020 21:58,-38.192269,176.612474,190.458
OK139A,07/01/2020 21:59,-38.192269,176.612474,190.458
OK139A,07/01/2020 22:00,-38.192269,176.612474,190.458
OK140A,07/01/2020 22:24,-38.188830,176.618648,215.986
OK140A,07/01/2020 22:25,-38.188830,176.618648,215.986
OK140A,07/01/2020 22:26,-38.188830,176.618648,215.986
OK141A,07/01/2020 23:01,-38.212563,176.634155,366.801
OK141A,07/01/2020 23:02,-38.212563,176.634155,366.801
OK141A,07/01/2020 23:03,-38.212563,176.634155,366.801
OK141A,07/01/2020 23:04,-38.212563,176.634155,366.801
OK142,07/01/2020 23:29,-38.230168,176.632750,423.289
OK142,07/01/2020 23:30,-38.230168,176.632750,423.289
OK142,07/01/2020 23:31,-38.230168,176.632750,423.289
OK143,07/01/2020 23:43,-38.239846,176.624572,409.859
OK143,07/01/2020 23:45,-38.239846,176.624572,409.859
OK143,07/01/2020 23:46,-38.239846,176.624572,409.859
OK144,07/01/2020 23:58,-38.246316,176.618187,453.636
OK144,07/01/2020 23:59,-38.246316,176.618187,453.636
OK144,07/02/2020 00:00,-38.246316,176.618187,453.636
OK145,07/02/2020 00:12,-38.251962,176.613961,445.032
OK145,07/02/2020 00:13,-38.251962,176.613961,445.032
OK145,07/02/2020 00:14,-38.251962,176.613961,445.032
OK146,07/02/2020 00:30,-38.264961,176.597951,489.019
OK146,07/02/2020 00:31,-38.264961,176.597951,489.019
OK146,07/02/2020 00:32,-38.264961,176.597951,489.019
OK146,07/02/2020 00:34,-38.264961,176.597951,489.019
OK147,07/02/2020 01:14,-38.246345,176.596586,478.170
OK147,07/02/2020 01:15,-38.246345,176.596586,478.170
OK147,07/02/2020 01:16,-38.246345,176.596586,478.170
OK148,07/02/2020 01:32,-38.240404,176.606183,470.007
OK148,07/02/2020 01:33,-38.240404,176.606183,470.007
OK148,07/02/2020 01:34,-38.240404,176.606183,470.007
OK146,07/02/2020 01:49,-38.264961,176.597951,489.019
OK146,07/02/2020 01:50,-38.264961,176.597951,489.019
OK146,07/02/2020 01:51,-38.264961,176.597951,489.019
OK144,07/02/2020 02:02,-38.246316,176.618187,453.636
OK144,07/02/2020 02:03,-38.246316,176.618187,453.636
OK144,07/02/2020 02:04,-38.246316,176.618187,453.636
OK141A,07/02/2020 02:21,-38.212563,176.634155,366.801
OK141A,07/02/2020 02:22,-38.212563,176.634155,366.801
OK141A,07/02/2020 02:23,-38.212563,176.634155,366.801
OK149,07/02/2020 02:35,-38.208633,176.625981,348.487
OK149,07/02/2020 02:36,-38.208633,176.625981,348.487
OK149,07/02/2020 02:37,-38.208633,176.625981,348.487
OK150,07/02/2020 02:49,-38.202049,176.625910,308.349
OK150,07/02/2020 02:50,-38.202049,176.625910,308.349
OK150,07/02/2020 02:51,-38.202049,176.625910,308.349
OK151,07/02/2020 03:07,-38.196244,176.614920,199.383
OK151,07/02/2020 03:08,-38.196244,176.614920,199.383
OK151,07/02/2020 03:09,-38.196244,176.614920,199.383
OK139A,07/02/2020 03:15,-38.192269,176.612474,190.458
OK139A,07/02/2020 03:16,-38.192269,176.612474,190.458
OK139A,07/02/2020 03:17,-38.192269,176.612474,190.458
OK100,07/02/2020 03:53,-38.085725,176.461508,571.934
OK100,07/02/2020 03:54,-38.085725,176.461508,571.934
OK100,07/02/2020 03:55,-38.085725,176.461508,571.934
AGUP,07/02/2020 04:11,-38.054648,176.441513,284.462
AGUP,07/02/2020 04:12,-38.054648,176.441513,284.462
AGUP,07/02/2020 04:14,-38.054648,176.441513,284.462
AGUP,07/02/2020 04:16,-38.054648,176.441513,284.462
AGUP,07/02/2020 04:17,-38.054648,176.441513,284.462
AGUP,07/09/2020 22:00,-38.054648,176.441513,284.462
AGUP,07/09/2020 22:01,-38.054648,176.441513,284.462
AGUP,07/09/2020 22:02,-38.054648,176.441513,284.462
OK137,07/09/2020 22:53,-38.201600,176.556378,400.296
OK137,07/09/2020 22:54,-38.201600,176.556378,400.296
OK137,07/09/2020 22:55,-38.201600,176.556378,400.296
OK171,07/09/2020 23:31,-38.210813,176.577778,417.779
OK171,07/09/2020 23:32,-38.210813,176.577778,417.779
OK171,07/09/2020 23:33,-38.210813,176.577778,417.779
OK172,07/10/2020 00:25,-38.198771,176.564368,380.106
OK172,07/10/2020 00:26,-38.198771,176.564368,380.106
OK172,07/10/2020 00:27,-38.198771,176.564368,380.106
OK137,07/10/2020 00:38,-38.201600,176.556378,400.296
OK137,07/10/2020 00:39,-38.201600,176.556378,400.296
OK137,07/10/2020 00:40,-38.201600,176.556378,400.296
OK174,07/10/2020 01:11,-38.195509,176.585421,317.670
OK174,07/10/2020 01:12,-38.195509,176.585421,317.670
OK174,07/10/2020 01:13,-38.195509,176.585421,317.670
OK176,07/10/2020 01:34,-38.195406,176.601072,211.301
OK176,07/10/2020 01:35,-38.195406,176.601072,211.301
OK176,07/10/2020 01:36,-38.195406,176.601072,211.301
OK172,07/10/2020 01:56,-38.198771,176.564368,380.106
OK172,07/10/2020 01:57,-38.198771,176.564368,380.106
OK172,07/10/2020 01:58,-38.198771,176.564368,380.106
AGUP,07/10/2020 02:56,-38.054648,176.441513,284.462
AGUP,07/10/2020 02:57,-38.054648,176.441513,284.462
AGUP,07/10/2020 02:58,-38.054648,176.441513,284.462
AGUP,07/13/2020 20:28,-38.054648,176.441513,284.462
AGUP,07/13/2020 20:29,-38.054648,176.441513,284.462
AGUP,07/13/2020 20:30,-38.054648,176.441513,284.462
AGUP,07/13/2020 20:31,-38.054648,176.441513,284.462
OK138A,07/13/2020 21:18,-38.195393,176.603737,193.810
OK138A,07/13/2020 21:19,-38.195393,176.603737,193.810
OK138A,07/13/2020 21:20,-38.195393,176.603737,193.810
OK177,07/13/2020 22:13,-38.233895,176.611976,442.387
OK177,07/13/2020 22:15,-38.233895,176.611976,442.387
OK177,07/13/2020 22:16,-38.233895,176.611976,442.387
OK178,07/13/2020 22:33,-38.228040,176.616384,387.498
OK178,07/13/2020 22:34,-38.228040,176.616384,387.498
OK178,07/13/2020 22:35,-38.228040,176.616384,387.498
OK179,07/13/2020 22:49,-38.215902,176.616529,390.535
OK179,07/13/2020 22:50,-38.215902,176.616529,390.535
OK179,07/13/2020 22:51,-38.215902,176.616529,390.535
OK177,07/13/2020 23:02,-38.233895,176.611976,442.387
OK177,07/13/2020 23:03,-38.233895,176.611976,442.387
OK177,07/13/2020 23:04,-38.233895,176.611976,442.387
OK148,07/13/2020 23:11,-38.240404,176.606183,470.007
OK148,07/13/2020 23:12,-38.240404,176.606183,470.007
OK148,07/13/2020 23:13,-38.240404,176.606183,470.007
OK180,07/13/2020 23:27,-38.234471,176.601010,448.107
OK180,07/13/2020 23:28,-38.234471,176.601010,448.107
OK180,07/13/2020 23:30,-38.234471,176.601010,448.107
OK181,07/14/2020 00:15,-38.240445,176.587644,415.143
OK181,07/14/2020 00:16,-38.240445,176.587644,415.143
OK181,07/14/2020 00:17,-38.240445,176.587644,415.143
OK146,07/14/2020 00:49,-38.264961,176.597951,489.019
OK146,07/14/2020 00:50,-38.264961,176.597951,489.019
OK146,07/14/2020 00:52,-38.264961,176.597951,489.019
OK141A,07/14/2020 01:10,-38.212563,176.634155,366.801
OK141A,07/14/2020 01:11,-38.212563,176.634155,366.801
OK141A,07/14/2020 01:12,-38.212563,176.634155,366.801
OK182,07/14/2020 01:46,-38.204861,176.603277,331.123
OK182,07/14/2020 01:47,-38.204861,176.603277,331.123
OK182,07/14/2020 01:48,-38.204861,176.603277,331.123
OK183,07/14/2020 02:51,-38.045402,176.612645,400.326
OK183,07/14/2020 02:52,-38.045402,176.612645,400.326
OK183,07/14/2020 02:53,-38.045402,176.612645,400.326
OK184,07/14/2020 03:01,-38.039413,176.619614,435.705
OK184,07/14/2020 03:02,-38.039413,176.619614,435.705
OK184,07/14/2020 03:03,-38.039413,176.619614,435.705
OK184,07/14/2020 03:04,-38.039413,176.619614,435.705
OK185,07/14/2020 03:15,-38.027859,176.622243,411.981
OK185,07/14/2020 03:16,-38.027859,176.622243,411.981
OK185,07/14/2020 03:17,-38.027859,176.622243,411.981
OK186,07/14/2020 03:26,-38.017519,176.620095,381.278
OK186,07/14/2020 03:27,-38.017519,176.620095,381.278
OK186,07/14/2020 03:28,-38.017519,176.620095,381.278
OK185,07/14/2020 03:40,-38.027859,176.622243,411.981
OK185,07/14/2020 03:41,-38.027859,176.622243,411.981
OK185,07/14/2020 03:42,-38.027859,176.622243,411.981
OK187,07/14/2020 04:09,-38.032377,176.486226,308.838
OK187,07/14/2020 04:10,-38.032377,176.486226,308.838
OK187,07/14/2020 04:11,-38.032377,176.486226,308.838
AGUP,07/14/2020 04:22,-38.054648,176.441513,284.462
AGUP,07/14/2020 04:23,-38.054648,176.441513,284.462
AGUP,07/14/2020 04:24,-38.054648,176.441513,284.462
AGUP,07/14/2020 04:25,-38.054648,176.441513,284.462
AGUP,08/03/2020 21:04,-38.054648,176.441513,284.462
AGUP,08/03/2020 21:05,-38.054648,176.441513,284.462
AGUP,08/03/2020 21:07,-38.054648,176.441513,284.462
OK188,08/03/2020 21:39,-38.093211,176.358686,478.667
OK188,08/03/2020 21:40,-38.093211,176.358686,478.667
OK188,08/03/2020 21:41,-38.093211,176.358686,478.667
OK189,08/03/2020 21:53,-38.095590,176.364162,479.764
OK189,08/03/2020 21:55,-38.095590,176.364162,479.764
OK189,08/03/2020 21:56,-38.095590,176.364162,479.764
OK190,08/03/2020 22:19,-38.094084,176.378021,634.881
OK190,08/03/2020 22:20,-38.094084,176.378021,634.881
OK190,08/03/2020 22:21,-38.094084,176.378021,634.881
OK191,08/03/2020 22:37,-38.099299,176.384629,706.346
OK191,08/03/2020 22:39,-38.099299,176.384629,706.346
OK191,08/03/2020 22:40,-38.099299,176.384629,706.346
OK190,08/03/2020 22:50,-38.094084,176.378021,634.881
OK190,08/03/2020 22:51,-38.094084,176.378021,634.881
OK190,08/03/2020 22:52,-38.094084,176.378021,634.881
OK188,08/03/2020 23:09,-38.093211,176.358686,478.667
OK188,08/03/2020 23:10,-38.093211,176.358686,478.667
OK188,08/03/2020 23:11,-38.093211,176.358686,478.667
OK192,08/03/2020 23:31,-38.121561,176.323775,342.614
OK192,08/03/2020 23:32,-38.121561,176.323775,342.614
OK192,08/03/2020 23:33,-38.121561,176.323775,342.614
OK193,08/03/2020 23:55,-38.142186,176.294049,332.718
OK193,08/03/2020 23:57,-38.142186,176.294049,332.718
OK193,08/03/2020 23:58,-38.142186,176.294049,332.718
OK194,08/04/2020 01:37,-38.183641,176.356454,396.364
OK194,08/04/2020 01:38,-38.183641,176.356454,396.364
OK194,08/04/2020 01:39,-38.183641,176.356454,396.364
OK195,08/04/2020 01:56,-38.185005,176.366806,529.801
OK195,08/04/2020 01:57,-38.185005,176.366806,529.801
OK195,08/04/2020 01:58,-38.185005,176.366806,529.801
OK196,08/04/2020 02:13,-38.189933,176.362674,595.614
OK196,08/04/2020 02:14,-38.189933,176.362674,595.614
OK196,08/04/2020 02:15,-38.189933,176.362674,595.614
OK197,08/04/2020 02:27,-38.195770,176.357778,644.529
OK197,08/04/2020 02:29,-38.195770,176.357778,644.529
OK197,08/04/2020 02:30,-38.195770,176.357778,644.529
OK198,08/04/2020 02:47,-38.201981,176.354741,674.669
OK198,08/04/2020 02:48,-38.201981,176.354741,674.669
OK198,08/04/2020 02:49,-38.201981,176.354741,674.669
OK197,08/04/2020 02:57,-38.195770,176.357778,644.529
OK197,08/04/2020 02:58,-38.195770,176.357778,644.529
OK197,08/04/2020 02:59,-38.195770,176.357778,644.529
OK199,08/04/2020 03:28,-38.189724,176.372250,552.176
OK199,08/04/2020 03:29,-38.189724,176.372250,552.176
OK199,08/04/2020 03:30,-38.189724,176.372250,552.176
OK200,08/04/2020 03:38,-38.195507,176.373097,554.431
OK200,08/04/2020 03:39,-38.195507,176.373097,554.431
OK194,08/04/2020 03:56,-38.183641,176.356454,396.364
OK194,08/04/2020 03:57,-38.183641,176.356454,396.364
OK194,08/04/2020 03:58,-38.183641,176.356454,396.364
OK194,08/04/2020 03:59,-38.183641,176.356454,396.364
AGUP,08/04/2020 04:36,-38.054648,176.441513,284.462
AGUP,08/04/2020 04:37,-38.054648,176.441513,284.462
AGUP,08/04/2020 04:38,-38.054648,176.441513,284.462
AGUP,08/04/2020 04:39,-38.054648,176.441513,284.462
AGUP,08/04/2020 20:21,-38.054648,176.441513,284.462
AGUP,08/04/2020 20:22,-38.054648,176.441513,284.462
AGUP,08/04/2020 20:23,-38.054648,176.441513,284.462
OK192,08/04/2020 20:44,-38.121561,176.323775,342.614
OK192,08/04/2020 20:45,-38.121561,176.323775,342.614
OK192,08/04/2020 20:46,-38.121561,176.323775,342.614
OK201,08/04/2020 21:03,-38.131740,176.326182,370.204
OK201,08/04/2020 21:04,-38.131740,176.326182,370.204
OK201,08/04/2020 21:05,-38.131740,176.326182,370.204
OK202,08/04/2020 21:16,-38.133073,176.332289,418.035
OK202,08/04/2020 21:17,-38.133073,176.332289,418.035
OK202,08/04/2020 21:18,-38.133073,176.332289,418.035
OK203,08/04/2020 21:27,-38.135381,176.339115,444.017
OK203,08/04/2020 21:28,-38.135381,176.339115,444.017
OK203,08/04/2020 21:29,-38.135381,176.339115,444.017
OK204,08/04/2020 21:41,-38.138838,176.342339,516.432
OK204,08/04/2020 21:42,-38.138838,176.342339,516.432
OK204,08/04/2020 21:43,-38.138838,176.342339,516.432
OK205,08/04/2020 21:53,-38.137376,176.347594,604.821
OK205,08/04/2020 21:54,-38.137376,176.347594,604.821
OK205,08/04/2020 21:55,-38.137376,176.347594,604.821
OK206,08/04/2020 22:14,-38.143476,176.343121,562.832
OK206,08/04/2020 22:16,-38.143476,176.343121,562.832
OK206,08/04/2020 22:17,-38.143476,176.343121,562.832
OK193,08/04/2020 22:46,-38.142186,176.294049,332.718
OK193,08/04/2020 22:47,-38.142186,176.294049,332.718
OK193,08/04/2020 22:48,-38.142186,176.294049,332.718
OK207,08/05/2020 01:11,-38.146965,176.320984,429.110
OK207,08/05/2020 01:12,-38.146965,176.320984,429.110
OK207,08/05/2020 01:13,-38.146965,176.320984,429.110
OK208,08/05/2020 01:25,-38.148213,176.328482,474.397
OK208,08/05/2020 01:26,-38.148213,176.328482,474.397
OK208,08/05/2020 01:28,-38.148213,176.328482,474.397
OK209,08/05/2020 01:44,-38.144801,176.339130,531.496
OK209,08/05/2020 01:45,-38.144801,176.339130,531.496
OK209,08/05/2020 01:46,-38.144801,176.339130,531.496
OK207,08/05/2020 01:59,-38.146965,176.320984,429.110
OK207,08/05/2020 02:00,-38.146965,176.320984,429.110
OK207,08/05/2020 02:01,-38.146965,176.320984,429.110
OK210,08/05/2020 02:54,-38.009821,176.565920,355.129
OK210,08/05/2020 02:55,-38.009821,176.565920,355.129
OK210,08/05/2020 02:56,-38.009821,176.565920,355.129
OK211,08/05/2020 03:16,-38.008722,176.598310,358.532
OK211,08/05/2020 03:17,-38.008722,176.598310,358.532
OK211,08/05/2020 03:18,-38.008722,176.598310,358.532
OK212,08/05/2020 03:26,-38.002019,176.601507,345.520
OK212,08/05/2020 03:27,-38.002019,176.601507,345.520
OK212,08/05/2020 03:28,-38.002019,176.601507,345.520
OK213,08/05/2020 03:38,-38.005984,176.624406,391.087
OK213,08/05/2020 03:39,-38.005984,176.624406,391.087
OK213,08/05/2020 03:40,-38.005984,176.624406,391.087
AGUP,08/05/2020 04:12,-38.054648,176.441513,284.462
AGUP,08/05/2020 04:13,-38.054648,176.441513,284.462
AGUP,08/05/2020 04:14,-38.054648,176.441513,284.462
AGUP,08/05/2020 20:27,-38.054648,176.441513,284.462
AGUP,08/05/2020 20:28,-38.054648,176.441513,284.462
AGUP,08/05/2020 20:29,-38.054648,176.441513,284.462
AGUP,08/05/2020 20:30,-38.054648,176.441513,284.462
OK214,08/05/2020 21:33,-38.254737,176.340638,620.728
OK214,08/05/2020 21:34,-38.254737,176.340638,620.728
OK214,08/05/2020 21:35,-38.254737,176.340638,620.728
OK215,08/05/2020 21:47,-38.250738,176.340473,626.858
OK215,08/05/2020 21:48,-38.250738,176.340473,626.858
OK215,08/05/2020 21:49,-38.250738,176.340473,626.858
OK216,08/05/2020 22:00,-38.257281,176.351303,607.274
OK216,08/05/2020 22:01,-38.257281,176.351303,607.274
OK216,08/05/2020 22:02,-38.257281,176.351303,607.274
OK217,08/05/2020 22:13,-38.252441,176.358712,629.077
OK217,08/05/2020 22:14,-38.252441,176.358712,629.077
OK217,08/05/2020 22:15,-38.252441,176.358712,629.077
OK218,08/05/2020 22:35,-38.245770,176.359060,616.591
OK218,08/05/2020 22:36,-38.245770,176.359060,616.591
OK218,08/05/2020 22:37,-38.245770,176.359060,616.591
OK217,08/05/2020 22:46,-38.252441,176.358712,629.077
OK217,08/05/2020 22:47,-38.252441,176.358712,629.077
OK217,08/05/2020 22:48,-38.252441,176.358712,629.077
OK219,08/05/2020 23:00,-38.251288,176.371234,604.630
OK219,08/05/2020 23:01,-38.251288,176.371234,604.630
OK219,08/05/2020 23:02,-38.251288,176.371234,604.630
OK220,08/05/2020 23:17,-38.246592,176.382302,558.717
OK220,08/05/2020 23:18,-38.246592,176.382302,558.717
OK220,08/05/2020 23:19,-38.246592,176.382302,558.717
OK221,08/05/2020 23:39,-38.257584,176.380017,390.101
OK221,08/05/2020 23:40,-38.257584,176.380017,390.101
OK221,08/05/2020 23:41,-38.257584,176.380017,390.101
OK222,08/05/2020 23:54,-38.262789,176.374937,401.484
OK222,08/05/2020 23:55,-38.262789,176.374937,401.484
OK222,08/05/2020 23:56,-38.262789,176.374937,401.484
OK223,08/06/2020 00:08,-38.271050,176.374644,454.465
OK223,08/06/2020 00:09,-38.271050,176.374644,454.465
OK223,08/06/2020 00:10,-38.271050,176.374644,454.465
OK224,08/06/2020 00:24,-38.275782,176.372950,497.412
OK224,08/06/2020 00:25,-38.275782,176.372950,497.412
OK224,08/06/2020 00:26,-38.275782,176.372950,497.412
OK221,08/06/2020 00:43,-38.257584,176.380017,390.101
OK221,08/06/2020 00:44,-38.257584,176.380017,390.101
OK221,08/06/2020 00:45,-38.257584,176.380017,390.101
OK214,08/06/2020 01:00,-38.254737,176.340638,620.728
OK214,08/06/2020 01:01,-38.254737,176.340638,620.728
OK214,08/06/2020 01:02,-38.254737,176.340638,620.728
OK193,08/06/2020 01:53,-38.142186,176.294049,332.718
OK193,08/06/2020 01:54,-38.142186,176.294049,332.718
OK193,08/06/2020 01:55,-38.142186,176.294049,332.718
AGUP,08/06/2020 02:23,-38.054648,176.441513,284.462
AGUP,08/06/2020 02:24,-38.054648,176.441513,284.462
AGUP,08/06/2020 02:25,-38.054648,176.441513,284.462
