site_id,gravity
EQPA,980066.399
EQQG,979790.466
EQQR,979974.706
EQR2,980084.076
F6BW,979966.075
EQRL,980269.208
F6CG,980012.084
EQT7,980028.836
ER0H,980088.822
EQLW,979815.395
F6CH,980018.639
EQM9,979933.781
EQMH,980074.391
EQMT,980255.707
EQN4,979954.663
EQNC,979920.073
EQNN,980091.902
F6BX,980162.331
EQP9,980043.322
F6BY,979922.148
EQPU,979942.063
EQQ6,980265.651
EQQA,980046.171
EQQB,979983.726
EQQC,980001.287
EQQD,980007.458
EQQE,979951.506
EQQF,979901.606
F6C0,980010.998
EQQH,979961.155
EQQJ,979978.286
EQQK,980060.323
F6CJ,979823.368
F6CK,979926.232
EQQM,979922.845
F6C1,979908.067
EQQN,979927.597
EQQP,980063.931
EQQQ,979972.428
EQQT,980006.692
EQQU,980051.609
EQQV,979794.454
EQQW,980020.28
EQQX,979932.868
EQQY,979798.047
EQR0,980219.913
F6CL,979869.905
F6C2,979943.556
EQR1,979985.682
EQR3,979909.955
EQR4,979810.392
EQR5,979822.872
EQR6,980028.881
EQR7,979971.048
EQR8,979793.439
F6CM,979848.013
EQR9,979904.528
EQRA,980023.585
EQRB,979798.65
F6CN,979850.971
EQRC,979787.953
EQRD,980125.435
EQRE,980084.949
EQRF,980124.595
F6C3,979821.405
EQRG,980077.874
EQRH,979800.87
EQRJ,979931.287
EQRK,979964.09
EQRM,979939.607
EQRN,979973.936
EQRP,979784.803
EQRQ,979946.536
EQRR,979973.999
EQRT,980064.58
EQRU,979973.846
F6CP,979817.691
EQRV,979997.477
EQRW,980215.539
EQRX,980001.323
EQRY,979992.235
F6CQ,979866.603
EQT0,980054.455
EQT1,979822.65
EQT2,979865.319
EQT3,980189.931
EQT4,979976.274
EQT5,979963.125
EQT6,980004.971
EQT8,979928.117
EQT9,980084.816
EQTA,980099.526
EQTB,980010.352
EQTC,980057.586
EQTD,979986.158
EQTE,979936.822
EQTF,979859.294
EQTG,980072.313
EQTH,979988.809
EQLM,979999.236
EQLN,979930.142
EQLP,979757.584
EQLQ,980060.14
EQLR,980086.703
EQLT,980088.01
EQLU,979955.263
EQLV,980157.239
F6CR,980008.205
F6CT,980036.775
EQLX,979994.817
F6CU,979906.942
EQLY,980059.366
F6C4,980000.59
F6C5,980053.881
EQM0,979997.167
EQM1,979997.5
F6C6,980042.328
F6C7,979922.661
F6CV,979993.808
F6CW,980008.219
EQM2,980093.909
F6CX,979909.928
EQM3,980011.558
EQM4,979965.407
F6CY,979926.369
EQM5,980050.874
EQM6,979907.707
EQM7,979989.228
EQM8,979978.435
EQMA,980131.472
F6D0,979809.559
EQMB,979814.225
EQMC,980066.535
F6D1,979949.868
EQMD,979947.583
EQME,980033.331
F6D2,980200.335
EQMF,979872.327
EQMG,980044.495
EQMJ,980054.981
EQMK,979951.594
EQML,979927.104
F6D3,979964.218
EQMM,980245.425
EQMN,979847.851
EQMP,980097.506
EQMQ,980086.708
ER0J,979998.884
EQMR,979965.552
F6C8,979973.83
EQMU,980089.729
EQMV,979809.597
EQMW,979969.371
EQMX,979906.337
EQMY,979941.363
EQN0,979960.919
EQN1,979953.047
EQN2,979924.747
EQN3,979952.921
EQN5,980006.447
F6C9,979924.919
EQN6,979930.01
EQN7,979861.817
F6D4,980011.807
EQN8,980034.817
EQN9,980057.712
EQNA,979959.915
EQNB,980071.948
F6CA,979923.397
EQND,979919.533
F6D5,979928.172
EQNE,980063.665
EQNF,980005.094
EQNG,980013.338
EQNH,979792.191
EQNJ,979984.526
EQNK,980022.425
EQNL,980174.219
EQNM,979960.68
F6D6,979971.825
EQNP,979991.163
EQNQ,980062.567
EQNR,979934.188
EQNT,980011.854
EQNU,979987.097
EQNV,980068.6
EQNW,979962.36
F6CB,979839.357
EQNX,979958.892
EQNY,979917.792
EQP0,979832.535
EQP1,980057.21
EQP2,979986.43
EQP3,979964.284
EQP4,980008.478
EQP5,980098.341
EQP6,979989.183
EQP7,980254.33
EQP8,980010.181
EQPB,979974.313
F6D7,979820.368
F6D8,979948.327
EQPC,980079.238
EQPD,980096.476
F6D9,979790.277
EQPE,979998.648
EQPF,979942.334
EQPG,979964.667
EQPH,979795.364
EQPJ,979794.226
EQPK,980021.229
EQPL,980010.337
EQPM,979982.67
F6DA,979950.34
EQPN,979864.406
EQPP,979903.035
EQPQ,980113.31
EQPR,979796.515
EQPT,979859.532
EQPV,979893.686
EQPW,979957.303
EQPX,979969.404
EQPY,979950.246
EQQ0,980081.86
EQQ1,980066.622
EQQ2,980014.624
EQQ3,979887.061
EQQ4,980075.197
EQQ5,979877.844
F6DB,980062.671
F6DC,979813.462
EQQ7,980063.608
EQQ8,980037.768
EQQ9,980117.183
EQU0,980237.976
EQU1,980318.203
EQU2,980569.423
EQU3,980729.493
EQU4,980431.346
EQU5,980572.945
EQU6,980394.455
EQU7,980227.694
EQU8,980455.385
EQU9,980492.396
EQUA,980581.528
EQUB,980460.36
EQUC,980783.771
EQUD,980661.501
F6DD,980261.449
EQUE,980688.218
F6DE,980262.72
EQUF,980247.11
EQUG,980853.39
EQUH,980266.15
EQUJ,980410.143
F6DF,980258.47
EQUK,980275.8
EQUL,980503.671
EQUM,980494.16
F6DG,980331.37
EQUN,980596.07
EQUP,980381.119
EQUQ,980817.262
EQUR,980359.342
EQUT,980275.721
EQUU,980516.36
EQUV,980342.615
EQUW,980310.223
EQUX,980213.214
EQUY,980673.87
EQV0,980237.912
EQV1,980727.27
EQV2,980485.037
EQV3,980577.377
EQV4,980732.54
EQV5,980660.413
EQV6,980432.362
EQV7,980419.29
EQV8,980409.42
EQV9,980400.03
EQVA,980201.032
EQVB,980363.762
EQVC,980704.204
F6CC,980309.618
EQVD,980401.57
EQVE,980266.089
EQEF,980260.531
EQVG,980355.11
EQVH,980423.77
EQVJ,980394.04
EQVK,980650.258
EQVL,980490.298
EQVM,980269.449
EQVN,980397.691
EQVP,980269.63
EQVQ,980372.74
EQVR,980768.17
EQVT,980572.921
EQVU,980489.314
EQVV,980317.747
EQVW,980812.61
EQVX,980340.142
EQVY,980461.1
F6DH,980465.283
EQW0,980363.352
EQW1,980489.78
EQW2,980268.416
EQW3,980442.23
EQW4,980388.893
EQW5,980589.962
EQW6,980421.619
EQW7,980519.21
EQW8,980341.01
EQW9,980379.998
EQWA,980529.418
EQWB,980450.863
EQWC,980157.66
EQWD,980685.55
EQWE,980720.682
EQWF,980645.008
EQWG,980302.54
EQWH,980268.206
EQWJ,980779.112
EQWK,980458
EQWL,980612.109
EQWM,980685.734
EQWN,980268.974
EQWP,980720.319
EQWQ,980305.78
EQWR,980432.672
EQWT,980423.9
EQWU,980654.093
EQWV,980758.261
EQWW,980391.641
EQWX,980637.448
EQWY,980607.761
EQX0,980255.913
EQX1,980419.577
EQX2,980247.91
EQX3,980263.357
EQX4,980357.953
EQX5,980794.877
EQX6,980642.25
EQX7,980674.753
EQX8,980332
EQX9,980259.435
EQXA,980525.062
EQXB,980419.904
EQXC,980718.965
EQXD,980752.271
EQXE,980292.72
EQXF,980227.54
EQXG,980698.451
EQXH,980459.68
EQXJ,980383.2
EQXK,980273.1
EQXL,980274.85
EQXM,980610.11
EQXN,980359.81
EQXP,980382.6
EQXQ,980258.694
EQXR,980491.437
EQXT,980479.752
EQXU,980345.336
EQXV,980510.002
EQXW,980492.883
EQXX,980267.137
EQXY,980289.434
EQY0,980250.682
EQY1,980399.254
EQY2,980288.744
EQY3,980625.237
EQY4,980390.57
EQY5,980689.723
EQY6,980239.969
EQY7,980312.738
EQY8,980318.158
EQY9,980401.58
EQYA,980386.97
EQYB,980251.989
EQYC,980407.52
F6CD,980263.1
EQYD,980379.874
EQYE,980592.621
EQYF,980198.53
EQYG,980266.212
F6DJ,980247.175
EQYH,980371.53
EQYJ,980471.481
EQYK,980577.148
EQYL,980321.164
EQYM,980490.048
EQYN,980535.813
EQYP,980404.25
EQYQ,980775.72
EQYR,980790.923
EQYT,980558.465
EQYU,980299
EQYV,980787.89
EQYW,980794.211
EQYX,980341.974
F6DK,980213.751
EQYY,980491.878
ER00,980741.158
ER01,980363.692
ER05,980730.856
ER07,980413.366
ER08,980710.066
ER09,980620.11
ER0A,980749.262
ER0B,980285.811
ER0C,980290.72
ER0D,980393.51
F6F1,980294.18
F6CE,980237.11
ER0E,980256.97
ER0F,980391.688
ER0G,980750.83
EQTJ,979933.79
F6DL,979786.268
EQTK,980073.826
EQTL,980278.94
F6DM,979993.62
EQTM,979952.917
EQTN,979810.083
F6DN,979897.572
EQTP,980251.015
EQTQ,980063.852
EQTR,980494.398
F6F0,980494.5
EQTT,980727.532
EQTU,980397.32
EQTV,980363.43
EQTW,980637.451
EQTX,980255.728
F6CF,980489.317
EQTY,980261.121
F6DP,980267.657
F6DQ,980267.919
B7TM,979966.711
BUGN,979931.851
BVVX,979942.087
BUGM,979964.592
BE47,979956.132
EC1T,979942.041
BUGT,979941.399
A077,979772.107
A0G9,979798.212
A2EF,979810.405
A42C,979814.541
F6F3,979779.223
AAJH,979794.465
AAVL,979866.41
AB7P,979861.84
AB90,979865.997
ABHL,979876.417
ABLQ,979890.298
ABPW,979913.147
ABQW,979915.7
ACLU,979889.845
AHT1,979904.003
AHTC,979893.28
BCTW,979884.102
BCVV,979915.307
BCWU,979934.403
AC6D,980165.239
ACNN,979968.078
B3A2,980473.926
1127,980483.63
AAJB,980489.5
B9DV,980488.929
BDCE,979842.632
BUHP,979783.104
BUHX,979811.927
BUJ2,979774.633
BVFU,979837.329
DV47,979860.46
EG0X,979769.886
EG1R,979788.435
EG29,979766.83
EG89,979794.258
EGBM,979775.598
EJ14,979838.39
EJG1,979816.47
MTJG,980248.931
A85G,980250.621
ACTN,980263.72
ACCE,980220.898
DJMH,980264.009
B9GR,980260.176
BEXQ,980247.276
AC80,980244.256
AP6Y,980239.259
B35A,980266.041
EFP6,980269.215
AC7G,980245.539
ACQY,980348.509
ADQ1,980369.775
AC8P,980296.223
AC7W,980256.009
1038,980797.679
A0LQ,980803.82
A1C8,980728.769
A1HC,980577.07
A1J0,980677.678
A29E,980653.617
A36E,980638.032
A3PF,980428.302
ACG0,980583.93
ADQ2,980522.327
ADQE,980580.497
ADX3,980644.634
ADYP,980674.765
AEG8,980683.42
AEGX,980704.445
AEJY,980589.734
AEQG,980606.411
AFAX,980529.553
AHMB,980481.231
AHQ5,980813.36
B066,980791.37
B331,980731.794
B3VP,980584.407
BAXN,980494.369
BGR1,980619.84
BGT6,980484.32
BH2N,980700.071
BKFK,980494.133
F6F4,980690.786
EBJK,980587.156
EFRA,980701.868
EJ85,980480.467
F6F2,980638.67
DJMB,980038.864
F6DR,980039.026
F6DT,980038.599
F6DU,980038.947
F6DV,980040.566
ACVP,980041.555
F6DW,980041.98
AB55,980012.259
F6DX,980007.441
F6DY,980009.168
DD1N,979947.771
DD1Y,979947.329
F6E0,979946.944
F6E1,979947.082
F6E2,979947.19
F6E3,980108.146
BAXE,980107.116
F6E4,980108.91
F6E5,980106.119
F6E6,980107.17
F6E7,980266.96
F6E8,980542.016
F6E9,979941.087
C66T,979933.811
F6EA,980073.852
F6EB,980525.465
F6EC,980525.438
F6ED,979934.044
F6EE,980251.009
WARG,979886.252
F6EF,979955.24
F6EG,980251.009
F6EH,980727.527
F6EJ,980279.237
F6EK,980107.394
F6EL,979922.338
EXDE,980287.096
EXDQ,980299.343
F6EM,980258.164
EXDD,980239.711
F6EN,980351.624
F6EP,980285.396
F6EQ,980505.416
F6ER,980422.054
F6ET,980272.405
F6EU,980261.45
F6EV,980229.224
F6EW,980336.323
F6EX,980439.841
6702,980524.88
F6F5,980266.915
5402,980218.007
EXK2,980323.126
EVNQ,980328.935
WAW1,979886.314
8105,980250.21
ER1R,980694.251
ER1T,980698.364
ER1U,980688.204
ER1V,980640.912
ER1W,980640.698
ER1X,980637.271
ER1Y,980623.438
ER20,980613.067
ER21,980599.284
E9GC,980591.233
ER22,980571.841
ER23,980571.795
ER24,980554.235
EWGJ,980541.263
ER26,980507.271
ER18,980479.153
ER17,980467.002
ER27,980489.419
ER28,980493.062
ER29,980489.708
ER2A,980491.586
ER2B,980494.844
ER15,980512.071
ER14,980527.746
E9UT,980543.057
E9UL,980568.475
AEHK,980544.465
AEHG,980527.602
B3UH,980605.785
B3UW,980620.714
B3V2,980637
AFYV,980659.181
B3YL,980663.091
AETJ,980687.176
B3YT,980687.125
AETW,980695.398
ADDD,980711.203
ADDW,980744.77
B40J,980757.489
AEYR,980748.075
AEYN,980740.027
AEYF,980735.552
AG1T,980730.811
AFFK,980705.41
AG1E,980723.343
AG1N,980727.083
AG21,980735.603
B40F,980745.424
AEYW,980755.477
ADEV,980766.377
ADF0,980759.476
ADP4,980782.211
ADE9,980775.934
ADEG,980771.535
ADEL,980756.196
B3JC,980756.102
ADDN,980752.683
ADCQ,980742.942
ADD3,980730.145
AETP,980707.308
AETU,980696.604
AET9,980693.665
AET0,980665.372
B492,980652.241
B3UP,980630.017
AEH5,980577.176
AEH9,980543.655
AEHC,980539.292
AEHM,980562.887
AEHR,980554.717
AED9,980546.094
AEDD,980533.348
AEDG,980519.219
AEDN,980499.644
AEDV,980506.339
B3TV,980502.854
AEA7,980494.976
AEA4,980479.222
AEA1,980476.096
AEAB,980466.278
AEAH,980455.86
AEAN,980441.563
B3TB,980421.956
B3TC,980420.689
AE9A,980419.575
AE9E,980406.442
AE9H,980405.854
AE9L,980397.631
AE8D,980397.909
B3T6,980400.815
AE8P,980408.948
AE8V,980401.142
AE90,980403.978
B3T3,980397.499
AE7U,980391.256
AE81,980383.718
AE86,980378.5
AE89,980348.812
AETG,980675.202
B3YW,980694.911
AEU2,980696.693
ADDA,980699.977
B41A,980524.866
B41L,980511.611
AF21,980515.521
AF2U,980506.168
AG2K,980486.549
AG2M,980482.816
B4AF,980471.934
AG2T,980467.475
B4AH,980461.927
AG32,980457.128
AG37,980455.044
B461,980445.044
B45M,980430.324
AFNT,980421.287
AFNN,980416.646
AFNH,980398.173
AFN4,980371.277
AFNA,980363.98
AFMU,980358.969
B44M,980351.259
AFMK,980345.283
AF7B,980329.506
AF59,980323.64
AF5H,980320.094
AF5Q,980313.399
AF5U,980294.045
B42D,980285.682
AF6D,980280.367
AF6K,980260.98
AF6R,980265.911
B42H,980264.22
AEM7,980258.06
AEMB,980246.993
AEML,980223.725
AECH,980218.091
AECM,980191.663
AECW,980175.842
AEC3,980160.801
AEBX,980213.168
AEBR,980230.105
AEBH,980251.489
AEB8,980219.509
AEB1,980209.898
B3TG,980237.714
ADV1,980265.668
ADUW,980268.231
B3PG,980288.102
B3PF,980299.857
ADUJ,980301.462
ADUA,980282.707
ADU3,980285.624
ADBC,980287.436
ADBQ,980294.179
ADB1,980318.751
ADBP,980320.797
B3HX,980333.37
ADCD,980330.302
ADC6,980332.269
B3J5,980327.105
ADBV,980317.829
B3FN,980324.379
AECB,980249.678
ADWR,980244.064
ADWK,980234.887
ADWD,980225.545
ADW6,980223.718
ADVY,980217.223
ADJU,980219.419
B3L3,980256.627
ADJG,980257.844
ADJB,980259.52
ADJ5,980266.453
ADJ0,980269.958
B3K2,980271.843
B3L1,980278.278
B3K7,980281.974
B3K8,980283.181
B3K9,980281.09
B3KA,980283.334
B3KC,980281.441
B3KG,980276.352
B3KJ,980287.062
B3KL,980283.829
B3KM,980291.544
B3KN,980295.152
B3KP,980291.295
B3KQ,980301.894
B3KX,980301.505
B3J2,980309.709
3624,980125.835
DRJW,980161.079
DRJT,980157.692
AF7D,980271.961
ADVC,980289.576
B3PJ,980296.16
ADVN,980310.368
ADVT,980321.733
6786,980330.575
AAY8,980348.612
AAY5,980346.65
B3RQ,980351.393
B3RP,980357.283
5128,980358.866
AE4G,980381.089
AE49,980389.004
B8DY,980386.09
B8E4,980385.4
B88U,980381.483
B8EA,980383.715
B8EF,980388.232
B8EM,980393.726
B8EU,980395.722
B8F2,980397.183
B8F7,980395.379
B8FD,980380.819
B8FK,980390.608
B8FT,980387.862
B8G3,980398.28
B8G8,980398.69
B8GD,980388.862
B8GJ,980386.794
B8GP,980382.668
B8GV,980385.493
B8H1,980394.701
B8B0,980394.545
B8B5,980404.099
B8BB,980403.023
B8BH,980383.022
B8BN,980406.034
B8BU,980403.73
B8C1,980397.342
B8C8,980413.881
ER1A,980524.287
ER1B,980511.395
ER1C,980535.833
ER1D,980564.459
ER1E,980571.133
ER1F,980584.987
ER1G,980597.561
ER1H,980612.915
ER1J,980625.486
ER1K,980630.905
ER1L,980642.838
ER1M,980657.476
ER1N,980670.632
ER1P,980682.924
ER1Q,980693.997
B8CD,980418.398
B8CH,980421.236
B8CM,980425.411
B8CQ,980416.756
B8CY,980411.385
B8D6,980414.161
B8DE,980360.208
B8DM,980379.278
B8H7,980412.834
B8HB,980430.271
B8HF,980446.658
B8HJ,980440.953
6737,980447.1
B8HV,980455.204
B8J3,980456.445
B8J8,980462.562
B8JC,980459.182
B8JG,980456.052
B8JK,980454.522
B8JQ,980469.098
B8JX,980467.474
B8K9,980465.385
B8M7,980476.182
B8MA,980485.115
B8MJ,980471.73
B8MT,980481.532
B8MY,980489.289
B8N3,980489.277
B8N7,980491.636
B4QB,980484.66
AP03,980479.094
B8KH,980466.03
B8KQ,980465.669
B8KV,980465.657
B8L1,980456.272
B8L9,980444.781
B8LF,980433.665
B8LM,980434.737
B8LU,980362.948
B8LY,980357.827
AG45,980454.861
AFTW,980446.857
B48D,980437.568
AFU3,980432.705
AFTN,980430.352
AFTQ,980424.26
AFTU,980413.081
AFTJ,980408.43
AFU6,980413.901
AFUA,980420.26
AFUD,980421.188
AFUQ,980419.63
AFXK,980425.465
B48U,980424.649
B436,980423.878
AFBL,980409.529
AFBR,980395.018
B431,980423.373
5129,980369.577
AFBC,980379.377
AFCL,980377.346
AFQF,980375.585
BT3W,980388.873
B470,980402.53
AFQY,980403.234
B47G,980416.422
B47N,980435.446
B47W,980438.988
B481,980443.196
AFTB,980450.171
AFUU,980455.206
AFT2,980461.546
ABFM,980471
ABFR,980481.539
ABG7,980500.268
ABGF,980518.896
ABGL,980527.823
B2Y2,980537.516
B2Y7,980545.761
B2XW,980537.359
B2Y0,980527.193
B2XK,980518.057
B2XN,980512.233
B2XT,980514.361
B2XG,980490.864
AAYV,980475.174
AB3R,980462.634
AB3V,980445.368
AB3K,980441.262
B303,980426.07
AB2T,980410.902
AB2X,980391.39
AB32,980380.851
AB35,980367.116
AB3A,980358.989
B2YX,980341.758
AB2M,980317.733
ACCG,980307.581
E9XW,980310.313
E9XP,980327.73
E0J5,980349.29
E0J2,980366.151
E9YT,980377.84
E9YY,980380.661
EQ1C,980351.13
E0HM,980348.741
E0HJ,980373.614
E0HF,980389.995
ER19,980395.276
EQ0V,980382.144
ER13,980388.06
ER0U,980406.103
ER0K,980418.237
ER12,980411.991
ER11,980398.886
ER10,980388.868
ER0Y,980380.251
ER0X,980368.924
ER0W,980354.684
ER0V,980315.543
ER0T,980369.684
ER0R,980408.322
ER0Q,980420.168
ETX3,980435.812
ER0P,980449.447
ER0N,980461.756
ER0M,980456.532
ER0L,980470.838
ADHU,980259.527
B3JU,980245.129
B3GD,980239.765
B3G8,980231.356
B3FT,980228.623
AD1Y,980213.921
AD1M,980206.524
AD1G,980207.804
AD25,980227.592
AD2B,980221.438
ADTC,980200.994
B3PA,980187.752
B3PB,980158.772
ADTR,980152.836
B3G4,980180.366
AD4E,980207.14
AD4H,980193.015
AD4L,980196.227
B3H7,980203.707
B3H8,980202.029
AD4W,980206.44
B3H9,980210.911
AD52,980217.396
AD56,980223.503
AD5A,980229.868
AD5D,980237.084
AD5H,980242.283
AD5K,980243.601
AD5N,980239.48
AD5R,980241.095
AD5V,980243.447
AD5Y,980247.965
AD7V,980246.708
AD83,980251.503
AD87,980243.926
AD8G,980237.232
AD8L,980238.968
AD8Q,980255.995
AD8V,980275.639
AD90,980281.227
AD95,980287.29
AD9A,980294.682
AD9F,980290.65
B3HT,980297.715
AE3W,980303.744
AE1M,980306.286
AE1R,980316.92
AE1W,980328.027
AE23,980325.57
AE27,980336.684
AE2B,980341.087
AEJA,980345.711
AEJG,980351.539
AEJM,980347.947
AEJ1,980359.532
B3VD,980361.108
B3VA,980363.191
B3V5,980361.725
AFJD,980361.287
AFJ8,980335.552
AFKN,980366.079
AFKJ,980367.457
AFKD,980349.533
AFK9,980352.748
AFK0,980334.387
AFJP,980348.869
AFJK,980324.381
AF79,980323.342
AF74,980320.237
B88Y,980376.779
B892,980367.356
B897,980354.462
B89A,980368.792
B89F,980364.479
B89L,980365.11
B89T,980362.847
B89X,980349.114
5120,980338.227
B8A6,980332.07
B8AC,980306.651
B8AH,980284.713
5114,980211.618
B87J,980204.77
5111,980230.744
B877,980250.962
B870,980263.738
B86T,980265.814
B86K,980273.626
B86E,980274.049
B867,980275.848
B861,980243.255
B85W,980272.679
B85P,980268.806
B85J,980259.629
B85B,980284.496
B853,980343.663
B850,980368.046
B84T,980389.145
B84L,980408.726
ADEH,980767.934
B3YV,980703.26
EV2Q,980537.019
EV2X,980526.479
EV34,980515.862
EV3A,980511.366
EV3G,980505.704
B8LR,980384.155
ABL8,980290.083
ABLA,980290.02
ABKX,980282.976
ABKR,980270.9
ABKM,980284.101
ABKG,980288.414
ABKA,980286.775
ACY9,980281.647
ACY3,980249.549
ACXY,980259.858
ACXT,980254.353
ACXN,980239.894
ACXH,980240.27
B3F7,980225.095
ACWV,980205.515
ACX0,980191.301
ACX4,980184.454
ACXC,980162.808
ADRK,980174.431
ADRR,980167.914
B3N6,980156.095
B3ND,980146.285
B3NH,980136.689
B3RU,980131.843
AE5R,980130.403
AE5W,980125.632
AE56,980122.217
AE51,980112.416
AE5F,980121.27
AE5H,980119.119
AE5J,980115.002
AE5L,980114.124
AE64,980098.368
AE69,980096.215
AE7J,980094.67
AE6P,980069.201
AE6K,980050.556
B3R0,980036.337
AEXG,980035.18
AEX6,980023.831
AEX1,980005.098
AEWW,980001.655
B408,980002.094
B407,980009.336
B406,980001.528
AEWB,979993.982
AFXE,980000.567
AFXA,980016.862
AFX4,980020.74
B45B,980013.96
B45C,980026.475
AFM0,980050
AFL7,980038.897
AFLE,980059.024
AFKU,980067.437
AFKY,980070.138
AFLL,980047.181
AFL3,980076.892
AAX0,980082.186
B2X8,980091.662
AG74,980082.568
B4B1,980069.266
AG6P,980077.401
AG6H,980064.174
AG6G,980060.466
AG6C,980055.928
AG4T,980042.933
AG4L,980042.573
B4AN,980032.553
AG4F,980030.751
AG4C,980026.394
AHJE,980034.517
AHJ3,980045.783
B4MX,980055.47
B4MT,980070.733
AHHR,980081.932
AHHK,980085.43
AHHJ,980086.51
AHHC,980092.957
AGM5,980102.812
AE4V,980112.946
AE7K,980096.476
AB2F,980102.759
AB29,980095.204
AELV,980081.357
AEM2,980064.561
AELN,980046.454
AELG,980036.228
AEL2,980033.957
B3VR,980052.788
AELB,980074.12
AEL8,980085.282
B3W2,980097.611
AMRW,980121.405
AENF,980117.555
AENA,980112.977
AEN8,980108.485
AEN4,980095.753
AEMW,980105.896
B3W0,980093.261
B3X8,980093.968
B3WH,980079.247
B3WM,980074.9
B3WQ,980074.299
B3WW,980049.585
B3X1,980043.999
B3X6,980038.398
AER3,980022.307
AER7,980012.369
AERD,980001.436
AERJ,979958.52
AERR,979910.14
AERV,979915.766
B404,979884.499
AEUB,979907.136
B3YY,979903.169
B400,979871.416
AEUU,979920.494
AEVN,979917.114
2217,979966.658
ACR9,979972.376
AH1H,979973.511
AH1P,979971.528
AH27,979948.622
AH2A,979976.593
AHDY,979974.519
AHE2,979972.094
B4LG,979974.384
AHF4,979970.501
AHE5,979974.549
B4FD,979983.457
B4EM,979962.799
B4ER,979925.313
B4F6,979899.79
A53J,979877.887
AEY2,980009.731
AEXX,979993.017
AEXT,979981.129
AEXN,979985.793
AF9M,979976.919
AF9E,979970.87
AF94,979973.26
AF91,979978.569
AF8W,979975.431
AF8T,979977.295
AF8A,979977.19
AF8D,979939.259
B47C,979973.745
AFRX,979955.892
B473,979939.234
B472,979910.718
AFRA,979908.969
AFR2,979901.642
AHK9,979905.874
AHK5,979891.111
AHJV,979878.324
B4N2,979866.088
B4N0,979866.057
ACRT,979930.331
B3DM,979930.973
AH1T,979922.14
AH1W,979914.921
AH2M,979912.563
AH2Q,979910.603
AH2U,979894.995
AGTG,979891.119
AGTR,979892.35
AEVR,979924.715
AEXB,980027.408
AEX4,980017.818
B409,980002.781
AEWU,980001.778
AEWQ,980000.78
AEWM,980009.109
AEWF,980008.214
AFXF,979995.919
AFXD,980008.931
B48L,980023.773
AFLM,980015.028
AFLQ,980019.285
AFLY,980034.696
AFM3,980033.446
AFLA,980039.551
AFLC,980046.842
B45A,980065.136
AFKW,980071.728
AFL1,980073.63
AAX3,980081.682
AAWX,980090.792
AG77,980085.92
AG72,980077.988
AG6U,980076.118
AG6R,980071.448
ACPQ,979946.264
ACPW,979915.839
AHCQ,979894.144
AHBX,979900.006
AHC3,979930.048
AHBK,979941.489
AH65,979962.129
AH6A,979967.591
B4K9,979969.911
B4KA,979968.411
AH4G,979988.45
AH4P,979998.781
AGTE,979992.677
B4GQ,979996.172
B4GB,980013.23
B4GN,980006.264
AGRJ,980006.024
AGRM,979996.873
AGQK,980020.144
AGQN,980020.708
AGQQ,980022.445
AGQA,980035.362
AGQW,980038.854
B4FH,980042.146
AGR5,980043.514
AGRB,980049.425
AGRF,980053.708
AH32,980054.571
AH34,980060.929
AH3B,980061.13
AH3G,980044.989
AH3M,980043.773
AG50,980045.164
AG56,980033.448
AHA3,980055.524
AHA8,980039.547
B4KV,980066.307
AFVM,980029.679
AFVH,980031.455
AFVB,980016.789
AFV2,980038.064
AFUX,980036.992
AGH7,980043.096
AGH3,980042.649
AGGX,980049.416
AGGR,980059.847
AGGL,980068.089
B4C6,980046.313
B4D7,980050.887
B4CY,980012.981
B4CT,979997.412
AGJ2,979992.529
B4DC,979973.633
AGJK,979971.599
AGJG,979960.131
AGJB,979940.124
B4N6,979940.692
AHKM,979928.686
B4N4,979924.006
B3VU,980051.499
ABPN,980267.321
ABPA,980269.477
ABYH,980271.956
B37K,980266.203
B37R,980256.95
AC5T,980251.723
AC61,980240.729
AC8C,980208.854
AC6B,980195.407
AC6G,980225.356
AC6L,980262.29
AC71,980267.121
AC74,980264.492
AC78,980262.799
ABHM,980257.977
ABHP,980249.787
ABHU,980238.547
ACWL,980241.423
B4M1,980088.172
B4ME,980079.885
B4MJ,980081.433
AG5V,980081.744
B4AW,980082.926
AG67,980096.029
AHGF,980096.71
AHG7,980086.616
AHGE,980100.677
B4LK,980087.536
AHBC,980080.564
B4L1,980084.801
AHB4,980089.167
AHAX,980083.695
AHAQ,980074.842
AHAL,980070.96
B4CK,979967.041
AGHT,979965.446
B4CN,979943.775
AGHD,979928.958
AGHL,979929.323
AHLN,979940.043
AHLQ,979932.016
AHL9,979955.407
B4N7,979996.289
AHL4,980007.87
AHH5,980023.362
AHH9,980039.616
AHGL,980063.063
AHGR,980064.42
AHGU,980055.457
AHGH,980053.439
AG5T,980046.207
AG5P,980039.982
B37T,980242.355
B380,980248.909
AC0N,980245.666
A2GC,980242.562
AC0A,980229.2
AC0G,980223.227
AC0L,980217.971
ABHX,980213.542
B3A6,980202.631
ACH8,980194.736
ACGQ,980187.759
ACGT,980178.199
ACGY,980173.585
ACH6,980161.378
B3JL,980158.718
A4N9,980144.498
A4NA,980126.471
ADG3,980132.906
ADG6,980125.778
ADGD,980108.677
B3Q6,980087.739
B3QA,980080.84
B3QF,980068.077
B3QL,980053.563
B3QQ,980045.328
AGQH,980020.553
AGG9,980014.747
AGGD,980012.051
AGFQ,980014.164
AGFV,980005.97
AGF2,980006.689
AGFA,979997.341
AGE8,979987.195
AGEE,980011.325
AGEK,979982.343
B4BU,980007.573
B4BV,980010.203
AGDX,980007.395
AGDJ,980007.445
AG5N,980035.255
AG5K,980006.617
AG5H,980020.768
AG5E,980022.13
AG5C,980019.314
AH3U,980043.946
B4K3,980048.368
AH3C,980057.517
AGRP,980007.441
B4FQ,980013.196
B84N,979999.356
B4G4,979998.97
AGLJ,979996.317
B4DU,979997.767
AGKM,979997.928
AGKR,979960.697
AGKY,979935.411
AGMK,979975.375
AGMP,979970.005
AGMT,979999.83
AB5P,980003.64
AB6E,980002.883
AB6L,980007.546
B30G,980014.869
AB70,980023.475
AGN0,980013.19
AGN8,980013.488
B466,980013.498
B46F,980013.665
B46K,980029.205
AFP2,980035.976
AFP8,980032.306
AFPG,980023.453
AFPN,980022.248
AFPU,980000.914
AFPY,979994.992
AFQ8,979999.216
AGW2,980007.905
AGUV,980015.543
AGVE,980020.579
B4H2,979984.356
AGVV,980002.832
AGW0,979987.271
AGAB,979991.752
AGA7,979975.514
AGBC,979979.919
AGAV,979977.792
AGBF,979980.674
2405,979984.76
B4BK,979971.497
AGBV,979950.776
AGB2,979933.147
AGB7,979931.182
AGBA,979934.06
AG0R,979936.86
AG0P,979924.647
ACQQ,979927.034
ACQT,979927.294
B3DP,979928.032
B3DU,979926.302
AH2K,979930.433
AH22,979921.448
AB5W,979998.989
B30C,979998.37
AB4J,979995.786
ABT1,979983.547
ABUQ,979980.002
ABUH,979986.377
ABF8,979990.245
B31H,979974.206
B31D,979961.995
ABDQ,979966.715
ABDJ,979984.207
ABDB,979990.856
ABD7,979984.662
B31J,979973.573
AF85,979972.013
AF7U,979973.11
AF7X,979962.359
AF81,979949.711
AF84,979959.638
B44V,979957.424
B450,979978.255
AG7R,979980.343
B44D,979974.387
B449,979965.02
B443,979955.121
B43Y,979962.081
AFHX,979964.12
AEG0,979964.806
AG7B,979977.011
AG7G,979978.688
AG88,979970.892
AG8B,979982.316
AG8V,979995.75
A2L4,979994.541
B0VX,979999.146
AGC6,980007.428
AGCU,980012.522
AGCW,980003.761
AGD1,979991.866
AGD8,979985.24
AGEQ,979996.952
ADLR,979941.893
ADMM,979951.503
ADMU,979948.922
ADNV,979944.545
B3TW,979952.796
AEE2,979949.982
AEEU,979948.886
AEEY,979947.685
AEFP,979942.321
AEFT,979950.503
AFGP,979960.176
HG 1,980007.146
HG 3,980010.733
HG 8,980013.692
HG 15,980012.327
HG 19,980009.798
H 634,980000.653
H 645,980011.514
A9BM,980007.918
H 650,980006.433
H 651,979996.184
H 652,979988.568
H660/4,980009.491
H 665,980012.477
H 667,980012.585
T 115,980012.773
AGUP,979963.872
AGUC,979959.324
AGUG,979960.519
AGU6,979948.283
AGTV,979977.247
AGU0,980001.735
AGU2,980014.899
AGUR,980006.057
AGUY,980019.925
AGUT,980010.14
AFQC,980006.211
AFQ9,980002.206
AFQ5,979995.188
AFPX,979995.154
AFPW,979997.172
BAQ9,980013.353
BAQW,980003.028
BAR1,980001.508
BAR2,980007.056
BAR3,980011.669
BAR4,980015.295
BAR5,980018.799
BAR7,980029.245
AFQ0,979993.655
AD9Q,980001.887
BAC2,980017.998
AD9X,980027.203
ADA3,980029.781
ABWB,980031.379
ABWF,980021.575
ABWJ,980021.372
ABWN,979999.982
ABX3,979992.901
ABVQ,980003.411
ABVT,980010.56
ABW0,980011.446
ADA5,980006.33
ABW8,979994.496
ADA9,979995.071
ADAG,979999.06
AFPQ,980015.64
B33Q,979991.476
B340,979987.65
B349,979987.991
ABN5,979951.426
ABND,979974.397
ABMG,979963.627
ABMR,979963.024
ABN0,979959.344
AB47,979954.109
ABXF,979947.971
B36U,979940.215
AC2T,979936.152
AC0Y,979950.583
AC16,979945.332
AC1C,979923.68
AC1K,979932.031
B38C,979917.045
AC20,979915.326
AC2A,979909.759
AC2F,979912.443
ACA2,979924.562
BAW0,979910.778
ACAN,979893.143
ACAT,979886.243
ACB0,979874.374
ACB7,979920.14
ACBE,979920.841
ACBK,979918.888
ACCM,979927.783
ACCU,979931.707
B3B8,979926.534
B3BG,979932.184
ACJ7,979927.863
ACJH,979978.147
ACJR,979968.632
B3BM,979984.297
ACM3,979988.849
ACMA,979994.672
ACMJ,979997.636
ACMP,980007.339
ACN8,980012.7
ACN1,980007.132
ACU8,980022.302
ACU1,980010.469
ACUL,980033.521
ACUF,980047.481
ACWA,980046.3
ACW4,980047.254
B9WL,980039.755
ACVL,980024.755
B3XV,980010.541
B3XY,980001.316
B88C,979922.737
AEVW,979954.997
AEW1,979943.571
AD7T,979954.651
AD6X,979961.674
AD63,979921.931
AD68,979940.487
AD78,979973.928
AD7F,979952.638
AD7L,980011.19
AD6G,980007.091
AD6J,980006.594
AD6P,980015.23
AD3E,980006.846
AD3J,980033.006
AD3M,980051.54
AD3R,980070.542
AD3U,980085.13
AD3Y,980093.988
AD43,980099.245
B3GY,980074.715
AD2X,980027.618
AD32,979999.522
AD0B,980006.017
AD0K,980066.526
B3GM,980065.239
AD05,980056.83
ACV2,980041.392
ACV9,980022.382
B7WV,980011.524
B7X1,979999.95
B7X8,979985.615
B7XE,979976.566
B7XN,979971.599
B7XU,979964.42
B7Y1,979955.9
B7Y7,979924.198
B7YG,979923.814
B7YM,979898.962
B7YV,979866.923
B80B,979868.636
B80G,979862.139
B80R,979879.058
B811,979921.209
B819,979942.064
B81J,979960.366
B81T,979964.39
B820,979970.921
B828,979980.397
B82K,979994.23
B807,979997.357
B3Y7,979930.544
B80Y,979912.409
B88Q,980081.572
EJCR,979993.776
Alton,980066.399
Aranga,979790.466
Ardkeen,979974.706
Ashurst,980084.076
Atiamuri,979966.075
Ava,980269.208
Awakaponga,980012.084
Awakeri,980028.836
Awakino,980088.822
Awarua,979815.395
Bay View,980018.639
Bombay,979933.781
Bridge Pa,980074.391
Carterton,980255.707
Crownthorpe,979954.663
Dairy Flat,979920.073
Dannevirke,980091.902
Eketahuna,980162.331
Eltham,980043.322
Erewhon,979922.148
Erua,979942.063
Featherston,980265.651
Feilding,980046.171
Fordell,979983.726
Frasertown,980001.287
Gisborne,980007.458
Glenross,979951.506
Glorit,979901.606
Halcombe,980010.998
Halls Bridge,979961.155
Hatepe,979978.286
Heao,980060.323
Helena Bay,979823.368
Henderson,979926.232
Hicks Bay,979922.845
Hihitahi,979908.067
Hobsonville,979927.597
Huiroa,980063.931
Hunterville,979972.428
Huntly,980006.692
Inglewood,980051.609
Kaeo,979794.454
Kai Iwi,980020.28
Kaingaroa,979932.868
Kaitaia,979798.047
Kaitoke,980219.913
Kaiwaka,979869.905
Karioi,979943.556
Katikati,979985.682
Kaukapakapa,979909.955
Kauri,979810.392
Kawakawa,979822.872
Kawera,980028.881
Kerepehi,979971.048
Kerikeri,979793.439
Kirikopuni,979848.013
Kokako,979904.528
Kopaki,980023.585
Kouto,979798.65
Lake House,979850.971
Lake Ohia,979787.953
Levin,980125.435
Longburn,980084.949
Makerua,980124.595
Mamaranui,979821.405
Manaia,980077.874
Mangamuka,979800.87
Manganuku,979931.287
Mangatawhiri,979964.09
Mangatepopo,979939.607
Mangaweka,979973.936
Mangonui,979784.803
Maraehako,979946.536
Maraenui,979973.999
Maraetaha,980064.58
Maramarua,979973.846
Maromaku,979817.691
Marton,979997.477
Masterton,980215.539
Matahiwi,980001.323
Matamata,979992.235
Matawai,979866.603
Matiere,980054.455
Maungatapere,979822.65
Maungaturoto,979865.319
Mauriceville,980189.931
Mercer,979976.274
Mihi,979963.125
Mohaka,980004.971
Mohaka River,979928.117
Mokau,980084.816
Morere,980099.526
Morrinsville,980010.352
Muriwai,980057.586
Murupara,979986.158
National Park,979936.822
Naumai,979859.294
New Plymouth,980072.313
Ngarua,979988.809
Ngaruwahia,979999.236
Ngaruroro,979930.142
Ngawha,979757.584
Normanby,980060.14
Oakura,980086.703
Oeo,980088.01
Ohakune,979955.263
Ohau,980157.239
Ohinepaka,980008.205
Ohinepanea,980036.775
Ohinewai,979994.817
Ohirangi,979906.942
Ohura,980059.366
Oio,980000.59
Okahukura,980053.881
Okoroire,979997.167
Omokoroa,979997.5
Ongarue,980042.328
Opepe,979922.661
Opotiki,979993.808
Opourua,980008.219
Opunake,980093.909
Orewa,979909.928
Otomoa,980011.558
Otaramarae,979965.407
Otoko,979926.369
Otorohanga,980050.874
Oweka,979907.707
Paengaroa,979989.228
Paeroa,979978.435
Pahiatua,980131.472
Pakaraka,979809.559
Pakotai,979814.225
Papakauri,980066.535
Papakura,979949.868
Papatoetoe,979947.583
Parakino,980033.331
Paraparaumu,980200.335
Pilbrow,979872.327
Piopio,980044.495
Piriaka,980054.981
Piripaua,979951.594
Pokaka,979927.104
Pokeno,979964.218
Porirua,980245.425
Portland,979847.851
Poukawa,980097.506
Puniho,980086.708
Putaruru,979998.884
Putorino,979965.552
Raetihi,979973.83
Rahotu,980089.729
Rangahua,979809.597
Rangipo,979969.371
Rangitaiki,979906.337
Rangitikei,979941.363
Reporoa,979960.919
Rissington,979953.047
Riverhead,979924.747
Rotorua,979952.921
Ruakura,980006.447
Ruatahuna,979924.919
Ruatoria,979930.01
Ruawai,979861.817
Rukuhia,980011.807
Stratford,980034.817
Tahora,980057.712
Taihape,979959.915
Takapau,980071.948
Tarawera,979923.397
Taruarau,979919.533
Tarukenga,979928.172
Taumarunui,980063.665
Taupiri,980005.094
Tauranga,980013.338
Tautoro,979792.191
Te Aroha,979984.526
Te Awamutu,980022.425
Te Horo,980174.219
Te Kaha,979960.68
Te Karaka,979971.825
Te Kauwhata,979991.163
Te Kuiti,980062.567
Te Puia,979934.188
Te Puke,980011.854
Te Rapa,979987.097
Te Wera,980068.6
Te Whaiti,979962.36
Te Wharau,979839.357
Tikitere,979958.892
Tikitiki,979917.792
Titoki,979832.535
Toko,980057.21
Tokomaru,979986.43
Tokoroa,979964.284
Tolaga,980008.478
Tongaporutu,980098.341
Torere,979989.183
Trentham,980254.33
Turakina,980010.181
Turangi,979974.313
Tutaematai,979820.368
Tutira,979948.327
Urenui,980079.238
Uruti,980096.476
Victoria Valley,979790.277
Waiaua,979998.648
Waihau,979942.334
Waihi,979964.667
Waima,979795.364
Waimamaku,979794.226
Waimiha,980021.229
Wainui,980010.337
Waioeka,979982.67
Waiotapu,979950.34
Waiotukupuna,979950.34
Waiouru,979903.035
Waipawa,980113.31
Waipoua,979796.515
Waipu,979859.532
Waipunga,979893.686
Wairakei,979957.303
Waitahanui,979969.404
Waitakaruru,979950.246
Waitara,980081.86
Waitotara,980066.622
Wanganui,980014.624
Warkworth,979887.061
Waverley,980075.197
Wellsford,979877.844
Whakaki,980062.671
Whakapara,979813.462
Wangamomona,980063.608
Whangara,980037.768
Woodville,980117.183
Aaron,980237.976
Addison,980318.203
Alexandra,980569.423
Allanton,980729.493
Amberley,980431.346
Andrews,980572.945
Arahura,980394.455
Arthurs,980227.694
Arundel,980455.385
Ashburton,980492.396
Athol,980581.528
Aylesbury,980460.36
Balclutha,980783.771
Balfour,980661.501
Bealy,980261.449
Beaumont,980688.218
Belgrove,980262.72
Blenheim,980247.11
Bluff,980853.39
Brightwater,980266.15
Cardrona,980410.143
Carluke,980258.47
Cave,980503.671
Christchurch,980494.16
Clarence,980331.37
Clarkes,980596.07
Clearburn,980381.119
Colac,980817.262
Coleridge,980359.342
Collingwood,980275.721
Cromwell,980516.36
Culverden,980342.615
Deadman,980310.223
Denniston,980213.214
Dipton,980673.87
Doubtful,980237.912
Dunedin,980727.27
Dunsandel,980485.037
Duntroon,980577.377
Edendale,980732.54
Etal,980660.413
Fairlie,980432.362
Forks,980419.29
Fox,980409.42
Franz,980400.03
Glenhope,980201.032
Goose,980363.762
Gore,980704.204
Granity,980309.618
Harihari,980401.57
Harleys,980266.089
Havelock,980260.531
Hawarden,980355.11
Hawea,980423.77
Hendes,980394.04
Herbert,980650.258
Hinds,980490.298
Hira,980269.449
Hokitika,980397.691
Hopefield,980269.63
Hundalee,980372.74
Hunts,980768.17
Hyde,980572.921
Idaburn,980489.314
Inangahua,980317.747
Invercargill,980812.61
Jacobs,980461.1
Kaiapoi,980465.283
Kaik?ura,980363.352
Kakahu,980489.78
Karamea,980268.416
Karangarua,980442.23
Karoro,980388.893
Key,980589.962
Kimberley,980421.619
Kingston,980519.21
Kowhai,980341.01
Kumara,980379.998
Kurow,980529.418
Lauriston,980450.863
Lewis,980157.66
Lime Hills,980685.55
Lochiel,980720.682
Lumsden,980645.008
Lyell,980302.54
Lyndon,980268.206
Maclennan,980779.112
Maitahi,980458
Manapouri,980612.109
Mandeville,980685.734
Maruia,980268.974
Mataura,980720.319
Mawheraiti,980305.78
Mayfield,980432.672
Middlemarch,980423.9
Millers,980654.093
Milton,980758.261
Mina,980391.641
Monowai,980637.448
Mossburn,980607.761
Mt Cook,980255.913
Muick,980419.577
Murchison,980247.91
Nelson,980263.357
Ngahere,980357.953
Niagara,980794.877
Oamaru,980642.25
Ohai,980674.753
Ohikanui,980332
Okaramio,980259.435
Omakau,980525.062
Omarama,980419.904
Orawia,980718.965
Otautau,980752.271
Otira,980292.72
Owen,980227.54
Palmerston,980698.451
Paringa,980459.68
Parnassus,980383.2
Paturau,980273.1
Pearson,980274.85
Peebles,980610.11
Pukaki,980359.81
Pukekura,980382.6
Puponga,980258.694
Queenstown,980491.437
Rakaia,980479.752
Rakautara,980345.336
Ranfurly,980510.002
Rangitata,980492.883
Redwoods,980267.137
Reefton,980289.434
Riwaka,980250.682
Ross,980399.254
Rotokohu,980288.744
Roxburgh,980625.237
Ruatapu,980390.57
Seacliff,980689.723
Seddon,980239.969
Seddonville,980312.738
Sergeants,980318.158
Springburn,980401.58
Springfield,980386.97
Springs,980251.989
Spye,980407.52
Stevenson,980263.1
Stillwater,980379.874
Studholme,980592.621
Summit,980198.53
Takaka,980266.212
Tapawera,980247.175
Taramakau,980371.53
Tarras,980471.481
Te Anau,980577.148
Tekapo,980321.164
Templeton,980490.048
Temuka,980535.813
Te Taho,980404.25
Te Tumutu,980775.72
Thornbury,980790.923
Timaru,980558.465
Tirohanga,980299
Titiroa,980787.89
Tokanui,980794.211
Totara,980341.974
Tui,980213.751
Victoria Bridge,980491.878
Waihola,980741.158
Wainihinihi,980363.692
Waipahi,980730.856
Waipara,980413.366
Waitahuna,980710.066
Waitaki,980620.11
Waiwera,980749.262
Wallace,980285.811
Ward,980290.72
Wataroa,980393.51
Watson,980294.18
Wesley,980237.11
Whangamoa,980256.97
Windwhistle,980391.688
Woodlands,980750.83
AUCKLAND (P1),979933.79
DOUBTLESS BAY (P2),979786.268
HASTINGS (P3),980073.826
LOWER HUTT (P4),980278.94
OPOTIKI (P5),979993.62
ROTORUA (P6),979952.917
RUSSELL (P7),979810.083
TE ARAROA (P8),979897.572
WELLINGTON (P9),980251.015
WHANGAMOMONA (P10),980063.852
CHRISTCHURCH-A (P11),980494.398
DUNEDIN (P13),980727.532
HOKITIKA (P14),980397.32
KAIKOURA (P15),980363.43
MONOWAI (P16),980637.451
MT COOK (P17),980255.728
QUEENSTOWN (P18),980489.317
TAKAKA (P19),980261.121
Avalon 1,980267.657
Avalon Base,980267.919
Avalon 2,980267.919
Mount John Absolute,980248.931
Mt. Maunganui Wharf North - (870),980007.441
Mt. Maunganui Wharf North - (450),980009.168
Auckland Wynyard Wharf,979946.944
Auckland Princes Wharf,979947.082
Auckland Jellicoe Wharf,979947.19
New Plymouth Port security gate car park,980108.146
New Plymouth Moturoa Wharf West,980108.91
New Plymouth Blyde Wharf,980106.119
New Plymouth Breakwater Wharf,980107.17
Wellington Port Aotea Quay Bollard 1400,980266.96
Timaru Airport,980542.016
Auckland Airport gate 50,979941.087
NZAM Hanger Hastings,980073.852
Port Lyttelton Wharf 7 East,980525.465
Port Lyttelton Wharf 7 West,980525.438
AUCKLAND-A,979934.044
WELLINGTON-A,980251.009
Wairakei Absolute,979955.24
Wellington-A - Absolute,980251.009
Dunedin Absolute,980727.527
Callaghan Absolute,980279.237
Palmerston North - Massey Absolute,980107.394
Tarawera Absolute,979922.338
Christchurch A Absolute,980494.398
Ward Rural Fire and Emergency Absolute,980287.096
Kekerengu Woolshed Absolute,980299.343
Nelson Airport,980258.164
Seddon Rural Fire and Emergency Absolute,980239.711
Tuturumuri Rural Fire and Emergency Absolute,980351.624
Tinui War Memorial Hall Absolute,980285.396
Gondola Low,980505.416
Gondola Top,980422.054
Bealey Hotel,980261.45
Arthur's Pass,980229.224
Helipad,980439.841
Wellington Port Aotea Quay Bollard 1160,980266.915
